date,source,rating,title,text,thumbs_up,app_version,developer_replied
2025-12-02 18:26:02+00:00,Google Play,5,,"Outstanding app! Easy to use, reliable, and packed with useful features. Definitely deserves all 5 stars.",1,8.8.8,True
2025-12-02 18:16:20+00:00,Google Play,5,,one of the best trading aap,0,8.8.8,True
2025-12-02 17:13:11+00:00,Google Play,5,,good UI,0,,True
2025-12-02 14:05:15+00:00,Google Play,4,,good app,0,8.8.8,True
2025-12-02 10:25:20+00:00,Google Play,1,,"worst trading app if I sell for 39.45 then they will decrease it to 39.30 .. such a cheating in trading, also stock price is not accurate",0,8.8.8,True
2025-12-02 10:01:49+00:00,Google Play,5,,awesome,0,8.8.8,True
2025-12-02 09:45:47+00:00,Google Play,5,,Good,0,8.8.8,True
2025-12-02 08:38:16+00:00,Google Play,1,,worst application I ever use and seen pls don't use,0,8.8.8,True
2025-12-02 02:51:55+00:00,Google Play,5,,good,0,8.8.8,True
2025-12-02 00:05:33+00:00,Google Play,5,,Good App,0,8.8.8,True
2025-12-01 23:13:08+00:00,Google Play,5,,I love üòò,0,8.8.5,True
2025-12-01 22:06:39+00:00,Google Play,5,,ok,0,,True
2025-12-01 21:34:00+00:00,Google Play,5,,"ok good flatform, thanks",0,8.8.8,True
2025-12-01 20:46:28+00:00,Google Play,3,,"please stop frequent displays of fno activation, it's a very bad practice and unethical to force someone to activate fno and start losing money. please stop this nonsense. if it's done i will give 5 stars otherwise i will close your account.",0,8.8.8,True
2025-12-01 20:09:31+00:00,Google Play,4,,the app is Great for his fundamental or core features. but app is so laggy it is not smooth that is minus point I hope they will resolve this within period of time,0,8.8.8,True
2025-12-01 19:49:50+00:00,Google Play,1,,"My federal account got blocked in kyc . Connecting indmoney is really hard as we have to create a ticket , we can't call them nor chat with their agent. such a bad customer support.",0,8.8.8,True
2025-12-01 18:59:18+00:00,Google Play,3,,"Why creating UCID again and again, send me email for update STOP creating UCID. It was created again after I spoke to support, stop it.",0,8.8.8,True
2025-12-01 17:54:41+00:00,Google Play,5,,brilliant,0,8.8.8,True
2025-12-01 16:46:43+00:00,Google Play,5,,best,0,8.8.6,True
2025-12-01 14:30:16+00:00,Google Play,3,,more improvement,0,8.8.8,True
2025-12-01 14:18:40+00:00,Google Play,5,,ekdam bakwas hai my lone manga to ulta. mujse hi 100 maang raha hai in,0,,True
2025-12-01 13:48:32+00:00,Google Play,1,,please add UPI lite feature üôè,0,8.8.8,True
2025-12-01 13:19:06+00:00,Google Play,4,,IN MIND ADVISOR OPTION STOCKS NAMES NOT VISIBLE CLEAR.,0,8.8.8,True
2025-12-01 11:52:34+00:00,Google Play,5,,very beautiful,0,8.8.8,True
2025-12-01 10:22:05+00:00,Google Play,5,,good,0,8.8.8,True
2025-12-01 02:45:52+00:00,Google Play,3,,"Please help us by enabling an option to share the learning certificates on LinkedIn or download them as a PDF, similar to how Zerodha Varsity provides. This feature will also increase IndMoney‚Äôs visibility on LinkedIn and attract more users to the platform. Thank you.",0,,True
2025-12-01 01:01:29+00:00,Google Play,5,,good üëç,0,,True
2025-11-30 21:57:20+00:00,Google Play,5,,ok tnq,0,8.8.8,True
2025-11-30 17:16:59+00:00,Google Play,1,,Worst service from the support. A stock is getting delisted and the positions will be liquidated but they didn't reply even after 10 days of filing an enquiry.,0,8.8.8,True
2025-11-30 15:49:26+00:00,Google Play,5,,ok,0,8.8.8,True
2025-11-30 15:02:01+00:00,Google Play,5,,very good,0,8.8.8,True
2025-11-30 13:04:59+00:00,Google Play,3,,The Best (5 star)in terms of buying and operating mutual funds but worst customer service support (1 star) if planning to buy insurance through it,0,8.8.8,True
2025-11-30 12:20:03+00:00,Google Play,5,,good experience.,0,8.8.6,True
2025-11-30 12:19:41+00:00,Google Play,1,,App would be great if budgeting and tracking using categories is customisable so people can record the transactions in real-time for which category and all. It was good initially now everything is cluttered I feel. UI is not so good,0,8.8.8,True
2025-11-30 10:12:56+00:00,App Store,5,INDmoney is one of the best finance apps I‚Äôve used!,"The interface is clean and easy to use, and it helps me track all my investments in one place. I love the features like free credit score checks, FD/Mutual fund options, and automatic portfolio tracking. The app is fast, reliable, and very helpful for managing my money. Highly recommend it to anyone who wants a simple and smart way to handle finances!",0,5.9.3,False
2025-11-30 07:54:50+00:00,Google Play,4,,"1)I very disappointed customer service because Tamil language not available kindly arrange the team many people are used in tamilnadu so some information understand some information not understand both user and customer support 2)improve US stock explore page like separately divided mega,large,mid,small and more features implement for better user experience 3)before indian stock explore page super but now this update I very disappoint because seprate sector wise show a stock kindly implemet",0,8.8.8,True
2025-11-30 07:14:18+00:00,Google Play,4,,super,0,8.8.8,True
2025-11-30 01:26:58+00:00,Google Play,4,,"It needs more customization like candle charts, volume chart which are not available edit - thanks they actually added them.",0,8.8.8,True
2025-11-29 21:10:16+00:00,Google Play,5,,good app,0,8.8.8,True
2025-11-29 19:37:17+00:00,Google Play,5,,The best app,0,8.8.5,True
2025-11-29 17:34:18+00:00,Google Play,4,,I had some issues with KYC and depositing Update: All of my issues were resolved promptly by the support team ! Hopefully they will keep improving the application.,0,8.8.8,True
2025-11-29 15:27:22+00:00,Google Play,1,,"please stop sending frequently whats app messages, mail, Loan promotion, insurance promo, credit payment reminder, it's to much irritating. I know to pay my bill you don't remind. please stop after I have block you guys. still your sending every day. stop it",0,8.8.2,True
2025-11-29 12:00:34+00:00,Google Play,1,,1-MUST give MTFs for US Stocks 2-FUTURES & OPTIONS for Commodity MARKET 3 - FUTURES & OPTIONS for US STOCKS,0,8.5.6,True
2025-11-29 09:51:47+00:00,Google Play,5,,Use For Multiplex Stock market,0,,True
2025-11-29 07:24:27+00:00,Google Play,3,,Easy application,0,8.8.6,True
2025-11-29 05:06:01+00:00,App Store,5,Really great app experience,Its really good app for finding new SIP and Etc and we can withdraw any time we want money from so it convenient for use than other app,0,5.9.3,False
2025-11-29 02:14:08+00:00,App Store,1,Fraud App,This is totally a fraud app. My MTF position was squared off and I suffered a heavy loss due to negligence and failure of IND Money employees and management. I urge users not to download this app and there are many other excellent apps where users money is safe and secure. I would have given negative rating had there been any option. I am gonna put this before various regulators also.,0,5.9.3,False
2025-11-29 01:12:43+00:00,Google Play,1,,App not supporting 11 inch tablets,0,8.8.6,True
2025-11-28 20:34:09+00:00,Google Play,3,,okay,0,,True
2025-11-28 20:27:01+00:00,Google Play,5,,ok,0,8.8.8,True
2025-11-28 17:37:52+00:00,Google Play,5,,Poor Apps,0,8.8.8,True
2025-11-28 17:23:12+00:00,Google Play,5,,good,0,8.8.8,True
2025-11-28 14:45:53+00:00,Google Play,5,,nice,0,8.8.8,True
2025-11-28 13:23:20+00:00,Google Play,4,,satisfied with the services provided.,0,8.8.6,True
2025-11-28 11:04:01+00:00,Google Play,5,,good,0,8.8.8,True
2025-11-28 09:46:38+00:00,Google Play,5,,nice and good,0,8.8.6,True
2025-11-28 09:21:14+00:00,Google Play,1,,"Does not work with VPN. I use duckduck go vpn to block advertising. Does not work with USB debugging enabled and developer mode. I am a developer, so i need both for my daily work. ALL OTHER UPI APP WORKS WITH ALL THREE SETTINGS ENABLED. Uninstalled. Very bad user experience.",0,8.8.8,True
2025-11-28 02:06:59+00:00,Google Play,3,,"Mutual fund showing the absolute % rate which is not correct for SIP investment, it should show the XIRR returns, which is the correct way to check our investment returns, When we see our portfolio it can see only absolute returns not able to find we are investing correct way",0,8.8.8,True
2025-11-28 01:07:56+00:00,Google Play,2,,I cannot access the app from my tablet. I can only access it from my phone,0,8.8.8,True
2025-11-28 00:46:25+00:00,Google Play,1,,even if you link your bank and give all permissions You CANNOT Invest IN US STOCK MARKET THEY WILL MAKE IT NECESSARY TO OPEN EITHER A FEDERAL BANK AC OR HDFC OR AXIS INDMONEY IS A SCAM AND LIERS,0,,True
2025-11-27 23:27:30+00:00,Google Play,5,,its good,0,,True
2025-11-27 23:17:20+00:00,Google Play,5,,good app for invesment,0,8.6.6,True
2025-11-27 22:20:54+00:00,Google Play,1,,"Initially, there was a response when I opened my account. But after opening the account and purchasing couple of mutual funds, there is no response to my queries since then. the names of my nominee has been removed. email id, bank accts changed this is a matter of serious concern to me.it is impossible to dea with this organization. very unreliable unprofessional and incompetent. am helpless and stuck with them with no resolution. update 27.11.25 issue still unresolved!",1,8.8.8,True
2025-11-27 21:09:54+00:00,Google Play,5,,good thing,0,8.6.4,True
2025-11-27 14:53:41+00:00,Google Play,5,,excellent app,0,8.8.6,True
2025-11-27 14:52:11+00:00,Google Play,4,,Everything in the app is nice . I just want a direct chat with agent customer support in app .,0,8.8.8,True
2025-11-27 13:39:38+00:00,Google Play,5,,"all in one best application all investment ek platform pe mutual fund fd insurance, konsa sa fund underperforming hai aur konsa outperform all details in one app.",0,8.8.6,True
2025-11-27 13:07:48+00:00,Google Play,5,,super,0,8.8.8,True
2025-11-27 12:38:19+00:00,Google Play,1,,"worst update, you can't see your position in fo",0,,True
2025-11-27 12:02:26+00:00,Google Play,5,,very nice application üëç,0,8.8.6,True
2025-11-27 11:42:01+00:00,Google Play,1,,"INDmoney has the worst customer service I‚Äôve ever seen. My deposit has been stuck for 20+ days, the app doesn‚Äôt allow me to upload the bank statement, and even after sending screen recordings, they kept giving copy-paste replies. No proper support, no resolution. I‚Äôm closing my account and also closing two more family accounts that I had recommended earlier. If your money gets stuck here, good luck ‚Äî you‚Äôll be on your own.",0,8.8.6,True
2025-11-27 11:39:35+00:00,Google Play,5,,Good app no hidden charges except ‚Çπ299 for instant deposit and free withdrawal. No charges for buying and selling stock. Please introduce stop loss.... Edit : They introduced stop lossüòá and brokerageü•≤,1,8.8.2,True
2025-11-27 11:18:12+00:00,Google Play,5,,Good to fresh knowledge,0,8.8.6,True
2025-11-27 11:15:46+00:00,Google Play,1,,Transfer failed today and show download leaste app i update leaste app but not working,0,,True
2025-11-27 10:05:58+00:00,Google Play,3,,good,0,8.8.6,True
2025-11-27 08:27:10+00:00,Google Play,5,,very good üëç,0,8.8.5,True
2025-11-27 08:07:05+00:00,Google Play,5,,Best,0,8.8.0,True
2025-11-27 01:07:34+00:00,App Store,5,This is my favorite investment app,"The new update is awesome. I love every single features in the app, I use it for everything literally. Stocks, mutual funds to CC payments.. I can see my net worth across all my investments, tracks even PPF and EPF‚Ä¶ thank you so much developers for working hard on this product. Pl continue to build better this trust worthy application. I think you guys have really stayed the course of one app for everything which was the initial goal. Please don‚Äôt allow inexperienced developers to create buggy versions in future.",0,5.9.3,False
2025-11-27 00:24:25+00:00,Google Play,1,,fraud app.eats your money with the bugs in it and no support executive to resolve the bug in app. pls do not use it.go for Zerodha,0,8.8.8,True
2025-11-26 23:59:43+00:00,Google Play,4,,good,0,8.8.6,True
2025-11-26 21:52:02+00:00,Google Play,5,,nice app üëç,0,8.8.8,True
2025-11-26 17:19:01+00:00,Google Play,5,,"hi please change the home interface for ind stocks like invested amount, current value, Total investment value and Absolute return and 1 day return . please apply all this in one place in Ind stocks home screen in green and black colour with good font style, so that it will helpfull and attractive.. I can see that mutual fund home screen is looking good. I hope this will apply ASAP.",10,8.8.8,True
2025-11-26 15:32:41+00:00,Google Play,5,,Excellent app with user friendly interface,0,8.8.5,True
2025-11-26 14:46:02+00:00,Google Play,3,,"A very important update is needed in the app: For any order we‚Äôve placed, the current price of that stock or option should be visible in the ‚ÄúOrders‚Äù tab. This helps us track the price fluctuations and decide whether to cancel the order or let it execute.Also, if we cancel an order, there should be a ‚ÄúReorder‚Äù option so we can place the same order again easily.",0,,True
2025-11-26 12:48:19+00:00,Google Play,3,,"please use full names (instead of first name and last name) for nominees as most government IDs use full names. please sort assets in descending order of value in the main myIND page. INDpay UPI ID exposes our phone numbers, and there is no option to change it!",0,8.8.6,True
2025-11-26 12:29:42+00:00,Google Play,4,,good üëç,0,8.8.6,True
2025-11-26 11:54:16+00:00,Google Play,5,,can't open app,0,8.8.6,True
2025-11-26 11:37:07+00:00,Google Play,5,,It is one of the best app for equity as well as F&O trading.,0,,True
2025-11-26 11:34:58+00:00,Google Play,5,,Awesome üëç,0,8.8.6,True
2025-11-26 11:25:51+00:00,Google Play,3,,Add in mutual funds fortnightly payment options feature in mutual fund section in next update for better convenience.,0,,True
2025-11-26 09:54:55+00:00,Google Play,5,,It still doesn't track NPS Tier 2. Would be helpful if it is added instead of manually tracking it as a separate category.,1,8.8.6,True
2025-11-26 08:52:09+00:00,Google Play,5,,Excellent üëç,0,8.8.6,True
2025-11-26 08:05:15+00:00,Google Play,1,,"I am trying to Open this app since from last morning but not opening, I am regularly using this app. I am not able to track my stock and Trade",0,8.8.6,True
2025-11-26 07:59:03+00:00,App Store,1,Very poor in intraday,If you set a limit they deny it as a result you will make a huge lose after it,0,5.9.3,False
2025-11-26 07:58:46+00:00,Google Play,5,,Excellent application,0,8.8.8,True
2025-11-26 04:33:59+00:00,Google Play,5,,very good app,0,8.8.8,True
2025-11-26 00:48:20+00:00,Google Play,1,,I was very satisfied and happy trading in ind money so I gave 5 star but now I would change to 1 star as their new update has made my trading experience horrible with ind money the loss which I haven't incurred in trade is been shown in the P&L statement and they say that this change is made for better view of the profit or loss incurred whether realised or unrealized that's disgusting,1,8.8.2,True
2025-11-25 22:53:41+00:00,Google Play,5,,good,0,8.8.6,True
2025-11-25 21:22:05+00:00,Google Play,5,,very good app for selling/buying us stocks,0,8.8.6,True
2025-11-25 20:29:07+00:00,Google Play,4,,"Hi. Your application is one of the best trading/investment apps in the market. However, I found a small issue in your app. The daily time frame charts in the US market don‚Äôt seem to show accurate data. Kindly look into this matter asap to provide the best possible trading experience for your users. Thanks!",1,8.8.6,True
2025-11-25 18:59:53+00:00,Google Play,1,,"God knows how people are rating this good, started investing here thinking it would be good but my experience is just getting worse. App has glitches, the UX is pathetic. Its just shiny app with fancy marketing I guess. The SIP features are so confusing and complicated. This product is made by too tech savvy idiots who dont care about customer satisfaction and usabilityüòÇüìâ Update: After update this app is now even worse, I hit the buy button on any ticker and the app crashesü§°",0,8.8.6,True
2025-11-25 17:53:55+00:00,Google Play,5,,very nice üôÇüëç,0,8.8.6,True
2025-11-25 16:59:21+00:00,Google Play,5,,absolutly amazing indepth details unlike other mf or stock app.,0,,True
2025-11-25 14:37:01+00:00,App Store,1,Persistent bug,App freezes when you open it the first time. You have to minimise and open again. Bug from last 4-5 updates.,0,5.9.3,False
2025-11-25 12:21:04+00:00,Google Play,5,,easy app,0,8.8.6,True
2025-11-25 10:22:11+00:00,Google Play,4,,very nice,0,,True
2025-11-25 09:42:52+00:00,App Store,4,Reports on break down option,"No provision to view break down option of stocks held. Though transaction option gives all transactions of such transactions since inception, there is no report or provision available to see whether selling a stock would yield profit or loss. While selling, it should be available.",0,5.9.3,False
2025-11-25 08:15:27+00:00,Google Play,1,,top class fraud beware,0,,True
2025-11-25 07:37:49+00:00,Google Play,5,,good app for beginners,0,8.8.6,True
2025-11-24 22:25:17+00:00,Google Play,5,,very good,0,8.8.6,True
2025-11-24 19:20:27+00:00,Google Play,1,,"this app service is not good , After 22 minutes waiting for verification I feel totally waist of time... not recommend",1,8.8.6,True
2025-11-24 18:50:32+00:00,Google Play,5,,Ind money üí∞ üíØ% safe and secure Life Time Saving money üí∞ü§ë good üëç I am impressed really 7*******,0,8.8.6,True
2025-11-24 18:34:29+00:00,Google Play,2,,great,0,8.8.5,True
2025-11-24 15:36:05+00:00,Google Play,5,,nice,0,8.8.6,True
2025-11-24 13:12:47+00:00,Google Play,1,,UPI payment is kept on loading after newly added security checks.,0,8.8.6,True
2025-11-24 12:10:17+00:00,Google Play,1,,Ind money othority customer service very froudly companies and deposit money know withdrawal know download any customer ind money application,0,8.8.6,True
2025-11-24 10:51:18+00:00,Google Play,4,,Their Charts and Prediction are very informative and Easy to understand üôÇ,0,8.8.6,True
2025-11-24 10:42:15+00:00,Google Play,1,,OBV ‡§á‡§Ç‡§°‡•á‡§ï‡•ç‡§∏ ‡§µ‡•â‡§≤‡•ç‡§Ø‡•Ç‡§Æ ‡§™‡§¢‡§º ‡§®‡§π‡•Ä‡§Ç ‡§™‡§æ ‡§∞‡§π‡§æ ‡§á‡§∏‡§≤‡§ø‡§è 0 ‡§¶‡§ø‡§ñ ‡§∞‡§π‡§æ ‡§π‡•à‡•§ app ‡§ï‡•Ä limitation ‡§π‡•à‡•§ Intraday ‡§ï‡•á ‡§≤‡§ø‡§è INDmoney ‡§∏‡§π‡•Ä ‡§®‡§π‡•Ä‡§Ç ‡§π‡•à‡•§ 1 star,0,8.8.6,True
2025-11-24 09:22:59+00:00,Google Play,5,,"I didn't like the recent update of app interface, previous one was user friendly please try to change it. üôèüèª",0,,True
2025-11-24 06:41:12+00:00,Google Play,5,,Good üëç and nice,0,8.8.6,True
2025-11-24 03:37:58+00:00,Google Play,5,,nice,0,8.8.5,True
2025-11-24 02:10:51+00:00,Google Play,4,,Comparison not working.,0,8.8.6,True
2025-11-23 23:31:44+00:00,Google Play,4,,good üëç,0,8.8.6,True
2025-11-23 20:47:16+00:00,Google Play,5,,indmoney best,0,8.8.6,True
2025-11-23 17:16:17+00:00,Google Play,4,,ok,0,8.8.6,True
2025-11-23 13:37:27+00:00,Google Play,3,,"I am reducing my rating from 4 to 3 stars. In the recent software update they have removed the sort & filter option from the watchlist. How do I monitor all my ETFs? @Ind money why remove essential & basic features? Please restore the original watchlist, which had sort by return, filter, current price & 1 day's return. Apart from that the overall app experience is good. I recommend this app for managing wealth.",0,8.8.6,True
2025-11-23 13:34:51+00:00,Google Play,5,,interested so good,0,8.8.2,True
2025-11-23 11:25:32+00:00,Google Play,1,,"I used the INDmoney app to complete a mobile recharge, but the recharge was not processed. It has been over 48 hours, and the status is still showing as pending. However, the amount has already been deducted from my account. I tried waiting, but nothing has been updated. This is very disappointing and inconvenient. Please resolve this issue as soon as possible and improve the recharge service worst app don't use this app my sincere request",3,8.8.6,True
2025-11-22 22:32:04+00:00,Google Play,1,,very slow,0,,True
2025-11-22 20:05:32+00:00,App Store,1,Not compatible in iPad screen,Your application is not properly compatible with iPad screen. In iPad also it is visible like I am seeing in mobile screen. Responsiveness is not available. Please work on it,0,5.9.1,False
2025-11-22 15:05:12+00:00,Google Play,5,,ok,0,8.8.6,True
2025-11-22 14:41:29+00:00,Google Play,5,,very good,0,8.8.6,True
2025-11-22 13:41:10+00:00,Google Play,5,,good,0,8.8.6,True
2025-11-22 12:56:51+00:00,Google Play,5,,Best trading app in India. Thanks to the indmoney team.,0,,True
2025-11-22 12:45:46+00:00,Google Play,5,,Excellent üëçüèª service for investment plateform.,0,,True
2025-11-22 11:24:08+00:00,Google Play,4,,please add loans also to track everything in one app in auto track feature add other mail also,0,8.8.5,True
2025-11-22 10:29:00+00:00,Google Play,4,,nice,0,8.8.5,True
2025-11-22 10:04:54+00:00,App Store,3,Request for Commodity trading features availability in the App,Thanks for lot of trading and investment options. If you add commodities trading then only you will become All in One App.,0,5.9.1,False
2025-11-22 08:31:49+00:00,Google Play,1,,fraud application don't use,0,8.8.0,True
2025-11-22 08:12:38+00:00,Google Play,5,,osm,0,8.8.6,True
2025-11-22 07:04:09+00:00,Google Play,1,,waste,0,,True
2025-11-22 00:35:57+00:00,Google Play,5,,good,0,8.8.6,True
2025-11-22 00:22:31+00:00,Google Play,1,,"It calls my firewall a VPN, and refuses to verify phone number, citing some NPCI guidelines. All other UPI apps run fine on my phone except this. Lazy programming.",0,8.8.6,True
2025-11-21 21:44:03+00:00,Google Play,5,,very good app I recommended this app,0,8.8.6,True
2025-11-21 21:26:25+00:00,Google Play,3,,good,0,8.8.2,True
2025-11-21 19:48:34+00:00,Google Play,1,,upi registration fail something went wrong problem,0,8.8.6,True
2025-11-21 17:29:07+00:00,App Store,5,Best all-in-one finance app in India,"I‚Äôve used almost every finance app ‚Äî Zerodha, Upstox, Groww, Neo ‚Äî but INDmoney is on another level. Everything is in one place: ‚Ä¢ Stocks, Mutual Funds, US stocks ‚Ä¢ Health & Life insurance ‚Ä¢ Loans, credit score ‚Ä¢ Track gold, silver, crypto ‚Ä¢ Clean UI + zero ads ‚Ä¢ Best MTF system I‚Äôve used ‚Ä¢ Super fast and accurate portfolio tracking Even my bank accounts and expenses are synced automatically. This is the only app that actually feels like a complete financial dashboard. Highly recommended for beginners and advanced users. Just brilliant üëèüî•",0,5.9.1,False
2025-11-21 14:39:47+00:00,Google Play,4,,"It is a good app, but at times not sure at all about the changes in values. Tough to figure out the difference.",0,8.8.6,True
2025-11-21 14:16:49+00:00,Google Play,5,,it's a great platform to buying stock for my experience.,0,8.8.5,True
2025-11-21 12:41:55+00:00,Google Play,1,,"I could have made tons of profits if the communication was clear from your side. You failed as a broker. I should not have fallen into the trap of the ‚Çπ5 brokerage. I will not use INDmoney for trading purposes and I will advise the same to everyone. Other aspects (MF, US, Tracking) are great though.",1,8.8.6,True
2025-11-21 11:23:04+00:00,Google Play,3,,"I need to change my number and add another account but there is no option there, I can't even delete my account to log in again with another number. What am I supposed to do now?",0,8.8.6,True
2025-11-21 09:08:45+00:00,Google Play,1,,bad app hai charge bahut leta hai,0,8.8.6,True
2025-11-21 07:52:04+00:00,Google Play,5,,mast tax,0,,True
2025-11-21 07:25:45+00:00,Google Play,5,,"Simplest way to deep dive into Indian as well as Us market just by simple click... they analyse the strengthen and weakness of ur portfolio's Health cover , Vehicle Insurance ,life cover everything in single App...",1,8.8.5,True
2025-11-20 22:15:29+00:00,Google Play,5,,best,0,8.8.5,True
2025-11-20 20:24:38+00:00,Google Play,5,,very nice üëçüëç,0,8.8.6,True
2025-11-20 20:03:27+00:00,Google Play,5,,‚ÄúExcellent app! Easy to use and very helpful in daily tasks.‚Äù,0,,True
2025-11-20 19:43:48+00:00,Google Play,5,,nice,0,8.8.2,True
2025-11-20 18:39:42+00:00,Google Play,5,,"Great app, like the UI",0,8.8.5,True
2025-11-20 17:54:28+00:00,Google Play,5,,good work,0,8.8.5,True
2025-11-20 16:06:47+00:00,Google Play,4,,super,0,8.8.0,True
2025-11-20 15:32:38+00:00,Google Play,4,,"please bring back feature in option chain about o.i info that show info about long short covering and. long short building on different strike in Indian share,it's helping to entry exit on position",3,8.8.5,True
2025-11-20 14:04:53+00:00,Google Play,4,,Be transparent and honest,0,8.8.5,True
2025-11-20 12:17:13+00:00,Google Play,3,,us trading Federal bank KYC is Very Difficult many I many time trying please improve this.,0,8.8.6,True
2025-11-20 11:32:29+00:00,Google Play,5,,very good stock appüëçüòä,0,8.8.6,True
2025-11-20 10:52:00+00:00,Google Play,5,,Indmoney provide lot of advanced features that your investment or trading journey more easy. This app interface very attractive ü§©. This app very fast . IND Money is a all in online solution for stock market. ‚ù§Ô∏è‚ù§Ô∏è‚ù§Ô∏è. 20.08.25 IND Money new update for Indian Stocks very impressive ‚ù§Ô∏è. 20.11.25 - New update regarding watchlist is good.,0,8.8.5,True
2025-11-20 09:21:43+00:00,Google Play,5,,wonder full app,0,8.8.5,True
2025-11-20 00:04:04+00:00,Google Play,5,,extraordinary application.,0,8.8.5,True
2025-11-19 23:44:45+00:00,Google Play,5,,ok,0,8.8.5,True
2025-11-19 22:16:05+00:00,Google Play,1,,Customer care service is not good.,0,8.8.6,True
2025-11-19 20:42:30+00:00,Google Play,5,,good,0,8.8.5,True
2025-11-19 19:52:20+00:00,Google Play,5,,ok,0,8.8.6,True
2025-11-19 19:01:01+00:00,Google Play,5,,nice Aap,0,8.8.5,True
2025-11-19 18:47:14+00:00,Google Play,4,,Great,0,8.8.5,True
2025-11-19 18:38:03+00:00,Google Play,5,,very nice super,0,8.8.6,True
2025-11-19 18:30:56+00:00,Google Play,5,,nice application ü•∞üòç‚ù§Ô∏è no server issues... us stocks amazing ü§©.. i refer to my friends this application...,0,7.3.2,True
2025-11-19 14:10:30+00:00,Google Play,5,,good,0,8.8.5,True
2025-11-19 12:56:40+00:00,Google Play,4,,"I want to request the INDMoney team/developers to show the latest price of stock or options in the Order tab as well. This will help us see price fluctuations and decide whether we should cancel the order or let it get executed. Also, there should be a Reorder option in cancelled orders so we can place the same order again from there.",34,8.8.5,True
2025-11-19 12:56:35+00:00,Google Play,1,,supar,0,8.8.6,True
2025-11-19 12:31:08+00:00,Google Play,5,,"Best app for Indian stocks, mutual funds and foreign stocks. All in one app.",0,8.8.5,True
2025-11-19 10:04:49+00:00,Google Play,3,,nice,0,8.8.5,True
2025-11-19 09:34:25+00:00,Google Play,1,,Very low costumer sport,0,8.8.5,True
2025-11-19 04:36:01+00:00,App Store,1,Bad application,Very bad application. No proper customer support. Unnecessarily block your account. So it is very risky app,0,5.9.1,False
2025-11-19 00:23:28+00:00,Google Play,5,,super app,0,8.8.5,True
2025-11-18 22:03:55+00:00,Google Play,1,,App is too slow to respond every clicks..,0,,True
2025-11-18 20:31:28+00:00,Google Play,5,,"Great app for investing in Indian & US stocks, IPOs, SIPs, Mutual Funds & checking your net worth all in one place; keep it up.",0,8.8.5,True
2025-11-18 19:18:25+00:00,Google Play,4,,nice app,0,8.8.0,True
2025-11-18 19:13:09+00:00,Google Play,5,,this app is my dream app,0,8.8.5,True
2025-11-18 17:48:14+00:00,App Store,1,Randi rona App,Take more than 48 hours for fund settlement üëé it‚Äôs better to use other apps,0,5.9.1,False
2025-11-18 16:13:47+00:00,Google Play,5,,good service,0,,True
2025-11-18 12:28:08+00:00,Google Play,1,,"we are not mad, trying to do kyc but everytime there is technical error you should improve the app. can't keep on trying for this.",0,,True
2025-11-18 11:17:40+00:00,Google Play,5,,nice,0,8.8.5,True
2025-11-18 11:01:07+00:00,Google Play,5,,very good application. great option of 10k mtf funding without interest. hope you wont make changes in upcoming days.,0,8.8.5,True
2025-11-18 07:08:07+00:00,Google Play,5,,supar,0,8.8.5,True
2025-11-18 04:45:54+00:00,Google Play,5,,"Hoping for a zero Forex lifetime free credit card for stocks, equity, IPO, mutual funds purchases and domestic as well as international use",0,8.8.5,True
2025-11-18 01:13:42+00:00,Google Play,1,,ghatiya game,0,,False
2025-11-17 23:14:11+00:00,Google Play,5,,excellent work,0,,True
2025-11-17 22:00:29+00:00,Google Play,5,,üëç,0,8.8.2,True
2025-11-17 16:58:46+00:00,Google Play,5,,the tracking of external mf is not real time and even it doesn't get updated as per actual. other competitors have much better UI to track external mf on one app. please consider this feedback.,0,8.8.5,True
2025-11-17 16:55:54+00:00,App Store,5,INDmoney - The Best,Great app with easy to use feature,0,5.9.1,False
2025-11-17 16:42:39+00:00,Google Play,4,,good app,0,8.8.5,True
2025-11-17 13:50:59+00:00,Google Play,5,,super üëç,0,8.8.5,True
2025-11-17 10:18:05+00:00,Google Play,5,,Love the app. Especially for US investing. Feedback: Please add XIRR into stock performance. There's no way to see XIRR at the moment.,0,8.8.2,True
2025-11-17 09:20:21+00:00,Google Play,5,,No Code Needed,0,8.8.2,True
2025-11-17 07:17:02+00:00,Google Play,5,,good,0,8.8.5,True
2025-11-17 04:14:02+00:00,Google Play,5,,all good,0,8.8.2,True
2025-11-17 03:18:38+00:00,App Store,5,Best App for mutual fund Investment,Best app for mutual fund and Us stock investment,0,5.9.0,False
2025-11-16 23:11:23+00:00,Google Play,5,,very nice,0,8.8.5,True
2025-11-16 22:15:01+00:00,Google Play,5,,best sarvice,0,8.8.5,True
2025-11-16 18:48:34+00:00,Google Play,1,,nahi chahiye,0,,True
2025-11-16 18:04:00+00:00,Google Play,5,,very good,0,8.8.5,True
2025-11-16 16:24:07+00:00,Google Play,5,,I love it,0,8.8.0,True
2025-11-16 16:02:56+00:00,Google Play,4,,AMAZING,0,,True
2025-11-16 12:57:50+00:00,Google Play,5,,BEST EXPERIENCE,0,,True
2025-11-16 12:24:16+00:00,App Store,5,Convenient,So far this App is very good and lot of exposure to users,0,5.9.0,False
2025-11-16 09:16:55+00:00,Google Play,1,,unable to login kindly help me. The problem is all about my previous gmail account which is not available,2,8.8.5,True
2025-11-16 08:33:38+00:00,App Store,2,Money deducted but recharge not found,"I recharged my mobile using your app, but it showed ‚Äúpending‚Äù even though the money was deducted from my account. I did not receive the recharge, and even after 48 hours, I neither got the recharge nor a refund. I also contacted your customer care, but I didn‚Äôt get any response.",0,5.9.0,False
2025-11-16 08:22:03+00:00,Google Play,5,,"help full app , very transparent , its nice choice",0,8.8.5,True
2025-11-16 06:16:36+00:00,App Store,3,Customise it for iPad,Please customise the app for iPad ????,0,5.9.0,False
2025-11-16 01:08:26+00:00,Google Play,5,,üíì,0,8.8.5,True
2025-11-15 22:34:49+00:00,Google Play,5,,super,0,8.6.6,True
2025-11-15 22:11:46+00:00,Google Play,1,,zoho ko bhi sync kro bhai,0,8.8.2,True
2025-11-15 21:25:49+00:00,Google Play,4,,good service,0,8.8.2,True
2025-11-15 21:15:38+00:00,Google Play,4,,"When I was trying to convert my RI demat&MF account to NRO account, the CS representative requested me to translate the foreign address proof document to English. However, the same document was translated by ICICIBANK and HDFC banks by themselves during account conversion. I think if INDMoney really cares about customer to use their services seamlessly, they should have translation team to translate foreign address proofs for NRIs.",1,8.8.5,True
2025-11-15 20:25:15+00:00,Google Play,5,,FANTASTIC VERY MUCH TRANSPARENT TECHNICALLY VERY SOUND,0,,True
2025-11-15 18:11:14+00:00,Google Play,5,,Good,0,8.8.2,True
2025-11-15 15:37:08+00:00,Google Play,5,,superb performance,0,8.8.2,True
2025-11-15 13:38:22+00:00,Google Play,1,,ok,0,8.8.0,True
2025-11-15 12:54:34+00:00,Google Play,5,,The application is nice and easy to access. It seems authentic as it takes all legal formalities like eSign and Aadhaar authentication while registering the application. Advisable to new investors.,1,8.8.5,True
2025-11-15 12:42:09+00:00,Google Play,1,,late withdrawal,0,8.8.5,True
2025-11-15 12:04:50+00:00,Google Play,5,,good,0,8.8.2,True
2025-11-15 10:12:16+00:00,Google Play,2,,good,0,8.8.5,True
2025-11-15 09:14:27+00:00,Google Play,5,,very nice app easy too use and good staff and payment is very easy I love it,0,8.8.5,True
2025-11-15 08:07:25+00:00,Google Play,5,,good,0,8.8.2,True
2025-11-15 07:56:50+00:00,App Store,1,For Indian Stock they are useless,They don‚Äôt allow you to track bonds in the account there is not way to track bonds in the same place other than giving full Gmail access and god know what they will use from that full gmail acess,0,5.9.0,False
2025-11-15 06:05:28+00:00,Google Play,5,,Need advance Training please,0,8.8.5,False
2025-11-14 22:59:16+00:00,Google Play,5,,Best app for US stock investment,0,8.8.2,True
2025-11-14 22:08:05+00:00,Google Play,5,,Good üëç,0,8.8.2,True
2025-11-14 22:01:10+00:00,Google Play,5,,good üëç,0,8.8.5,True
2025-11-14 21:35:26+00:00,Google Play,1,,"Why my tracker only showing Bank? Where is EPF and EPS? Why my window is different from others. Updated, still not working.",0,8.8.5,True
2025-11-14 20:44:44+00:00,Google Play,5,,best in new users ü´µ,0,,True
2025-11-14 20:02:52+00:00,Google Play,4,,okay,0,8.8.2,True
2025-11-14 18:04:14+00:00,Google Play,4,,"Us stocks investing through Indmoney is strictly not recommended, the backend is unstable and your account will be frozen regularly. The networth tracking feature pulled up my app rating from 1star to 4 stars. welldone",0,8.8.2,True
2025-11-14 17:59:55+00:00,Google Play,1,,"I am an old customer of Indmoney Money but I have to face some issues like KYC recording. I had kept my account closed for 12 months, so the option of deactivation is coming and when I clicked, the problem should have been solved in three-four days, at the most it has not been solved yet and the reactivation option is showing on the dashboard of Indmoney, it will be solved in 30 minutes, next 30 minutes, now 10 days are about to complete and the KYC problem is not solved yet.",4,8.8.5,True
2025-11-14 17:59:42+00:00,Google Play,5,,best app ‚ò∫Ô∏è,0,8.8.5,True
2025-11-14 16:44:17+00:00,Google Play,5,,nice,0,8.8.2,True
2025-11-14 16:11:53+00:00,App Store,5,Nice,Nice,0,5.9.0,False
2025-11-14 15:47:33+00:00,Google Play,5,,very good,0,8.7.6,True
2025-11-14 14:22:53+00:00,Google Play,1,,Unable to download reports,0,8.8.5,True
2025-11-14 08:58:21+00:00,Google Play,5,,good üòä,0,8.8.2,True
2025-11-14 08:36:55+00:00,Google Play,5,,very good app for locals as well as NRI s,0,8.8.2,True
2025-11-14 07:52:23+00:00,Google Play,5,,"great, lots of improvment made by team specially in trading, pnl etc...now please provide a stong full api support like option chain data through api etc",0,8.8.5,True
2025-11-14 07:46:09+00:00,Google Play,3,,need more instruments on chart reading in F and O,0,8.8.2,True
2025-11-14 04:23:12+00:00,App Store,1,"Pretty Bad Helpdesk, don‚Äôt use for stocks","I am not able to sell the shares, since past 4 days I am trying to connect with support but I guess no one is there, it show they will call in 15 minutes but it‚Äôs like bogus. Don‚Äôt use this app if you are opting to trade in stocks. I am stuck with my Money.",0,5.9.0,False
2025-11-14 03:43:25+00:00,App Store,2,Scam,"This app takes an hour to update in the morning, and by then it's already scamming BTSC users. If you try to change the indicator inputs, they won't change.",0,5.9.0,False
2025-11-14 01:17:39+00:00,Google Play,5,,super,0,8.8.2,True
2025-11-13 22:02:43+00:00,Google Play,5,,nice,0,8.8.2,True
2025-11-13 20:50:21+00:00,Google Play,4,,its has more features and datas for investing,0,8.7.6,True
2025-11-13 20:08:45+00:00,Google Play,5,,SUPER APP LOVE IT,0,8.8.2,True
2025-11-13 17:44:39+00:00,Google Play,5,,nice,0,8.6.4,True
2025-11-13 15:47:03+00:00,Google Play,5,,good app,0,8.8.2,True
2025-11-13 14:13:01+00:00,Google Play,4,,after new update raise ticket option is missing,0,8.8.5,True
2025-11-13 13:54:48+00:00,App Store,5,The best app for overseas investing,Whoever knows this app are gonna be that 1% Rich by investing in Nasdaq üòÄ,0,5.9.0,False
2025-11-13 11:27:13+00:00,Google Play,5,,very good,0,8.8.2,True
2025-11-13 10:07:23+00:00,Google Play,5,,Good,0,8.8.2,True
2025-11-13 09:52:25+00:00,Google Play,5,,good app,0,8.8.2,True
2025-11-13 09:28:11+00:00,Google Play,5,,aap is not supported for full function. Sometimes the app hangs. could not continuity used.,0,8.8.5,True
2025-11-13 09:26:56+00:00,Google Play,1,,i raised so many compliments but not resolved,0,8.8.5,True
2025-11-13 06:15:12+00:00,Google Play,5,,good,0,8.7.6,True
2025-11-13 05:47:54+00:00,App Store,3,Thakre,After update price refreshing slow. RSI etc not getting,0,5.9.0,False
2025-11-12 23:11:57+00:00,Google Play,1,,if it is financial app why do you need to listen to audio my health data and access to photos and videos..,0,,True
2025-11-12 22:27:41+00:00,Google Play,5,,Excellent,0,8.8.5,True
2025-11-12 22:19:44+00:00,Google Play,5,,Awesome App ! One feature which I feel would be awesome - option to view everyday returns in like a history or chart so that we have an idea which days were good. Please consider @dev team.,1,8.8.2,True
2025-11-12 21:32:20+00:00,Google Play,5,,very good,0,8.8.5,True
2025-11-12 20:12:26+00:00,Google Play,4,,mast ap hai,0,8.8.0,True
2025-11-12 19:52:30+00:00,Google Play,5,,forex signals,0,,True
2025-11-12 18:17:14+00:00,Google Play,1,,please give a clear xirr button... I can't find my xirr returns for stocks..,0,8.8.2,True
2025-11-12 17:34:53+00:00,Google Play,4,,Very good app .Very supportive customer care.,0,8.8.2,True
2025-11-12 17:04:57+00:00,Google Play,1,,"worst app, always some or other issues,",0,8.8.5,True
2025-11-12 16:45:28+00:00,App Store,1,Separate app for US stocks,Please give a separate app for US stocks investing.,0,5.8.9,False
2025-11-12 15:52:14+00:00,Google Play,1,,"Analytic section is useless for etf right now, ETFs are counted as a single stock, so it‚Äôs hard to know what stocks I‚Äôm indirectly holding through them. Showing the underlying stocks of ETFs would make the Analytics section much more useful and detailed.",3,8.8.5,True
2025-11-12 15:06:33+00:00,Google Play,1,,worrest experience,0,8.8.2,True
2025-11-12 13:46:14+00:00,Google Play,4,,easy to open this account,0,8.8.2,True
2025-11-12 12:28:45+00:00,Google Play,4,,Best app but news hindi and english dono ka ‡§ë‡§™‡•ç‡§∂‡§® hona chahiye aur ‡§ï‡•ã‡§∞‡•ç‡§∏ hindi english dono me hona chahiye aap ko update kare in future ke saath,0,8.6.4,True
2025-11-12 11:41:24+00:00,Google Play,5,,worst app for trading,0,,True
2025-11-12 11:07:49+00:00,App Store,1,Scam scam scam,Was asking for 15000 autopay from my upi while the emi amount per month for the loan I was applying was only 5761.its a scam please report and boycott,0,5.8.9,False
2025-11-12 10:48:50+00:00,Google Play,4,,good,0,8.8.2,True
2025-11-12 10:32:14+00:00,Google Play,4,,"Please Fix these issues otherwise great app. 1.) when I open a stock's chart it initially show the previous stock's chart I had opened instead of the current stock. Perhaps a delay in the api call is happening tell the tech team to solve it. 2.) When a see an option of buying or selling below a stock chart , when I change the option from delivery to intraday it should also show stoploss option there itself,I need to go back to the positions options and add SL which is quite inconvenient.",71,8.8.2,True
2025-11-12 09:10:18+00:00,Google Play,1,,bad app,0,,True
2025-11-12 08:58:27+00:00,App Store,2,High Battery consumption,"I'm a bit disappointed with the recent upgrade of the INDmoney app. The battery consumption has increased significantly, and I've also noticed that my portfolio on intra trade isn't updating properly. I've tried refreshing and syncing the app, but the issue persists. I hope the team addresses these issues soon.",0,5.8.9,False
2025-11-12 08:52:46+00:00,Google Play,1,,"I don't know why now every other app force you to update , google is closing Openness that android have",0,8.5.0,True
2025-11-12 07:38:35+00:00,Google Play,5,,Good for overall,0,8.8.2,True
2025-11-12 07:17:06+00:00,Google Play,5,,This app is really good for online stock trading üëç,0,8.8.0,True
2025-11-12 06:33:58+00:00,Google Play,5,,"Excellent app for managing personal finance and investments. The integration of stocks, mutual funds, and US investments in one platform is really helpful. Smooth experience so far!",2,8.8.2,True
2025-11-12 04:45:54+00:00,App Store,5,Stock,Good,0,5.8.9,False
2025-11-12 00:03:21+00:00,Google Play,5,,nice üëç,0,8.8.2,True
2025-11-11 22:59:47+00:00,Google Play,4,,good,0,8.8.2,True
2025-11-11 21:50:48+00:00,Google Play,5,,Good,0,8.8.0,True
2025-11-11 19:25:44+00:00,Google Play,5,,very nice,0,8.7.6,True
2025-11-11 18:46:27+00:00,Google Play,4,,tracking is awesome but couldn't tracking NPS as it is only linked with Gmail. give option to link with other account as well,1,8.8.5,True
2025-11-11 17:49:33+00:00,Google Play,5,,Great experience,0,,True
2025-11-11 16:00:41+00:00,Google Play,5,,"Your old UI was better than this one, you should not change your UI every week l you were already way better than other trading apps.",0,8.8.2,True
2025-11-11 15:19:32+00:00,Google Play,4,,good application for trading,0,8.8.2,True
2025-11-11 15:04:45+00:00,Google Play,5,,"Nice but needs a feature addition. In the myInd asset section, i have added gold and real estate details. But in the transaction details, which is optional but very beneficial, there is no option to add text details. This is very important as we can add the name of ornament or additional details about a transaction to bring more clarity when having multiple transactions.",55,8.8.2,True
2025-11-11 14:42:06+00:00,Google Play,5,,great,0,,True
2025-11-11 13:03:30+00:00,Google Play,1,,"junk app and worst ever support team, just for sake of norms they update tickets without any helpful progress on actual issue. i want to give negative rating. They are still playing with customer deposit money without crediting to wallet, I have initiated deposit of 2L on 30-Oct, till now it is not yet credited to my wallet, first they said 6-Nov, now they are saying it will take upto 12-Nov (my tkt#2852554), what are they doing with customers money? don't use this app for your investment plans",6,8.8.2,True
2025-11-11 11:41:47+00:00,Google Play,4,,grate app for investing in us stock also gold,0,8.8.0,True
2025-11-11 10:58:18+00:00,Google Play,5,,üëå,0,8.8.2,True
2025-11-11 10:51:29+00:00,Google Play,1,,lot of glitches and it strucks while trading,0,8.8.2,True
2025-11-11 10:35:40+00:00,Google Play,1,,it been 6 days since request for withdrawal in the app it showing credit to your account but I didn't receive the money and I am trying to reach support but no luck,0,8.8.2,True
2025-11-11 09:21:56+00:00,Google Play,5,,lodu,0,8.8.0,True
2025-11-11 07:59:33+00:00,Google Play,4,,easy to use,0,8.8.2,True
2025-11-11 07:37:39+00:00,Google Play,5,,Thank for INDmoney,0,8.8.2,True
2025-11-11 07:19:25+00:00,Google Play,5,,"To solve problem there should be local office,so that investor can easily involve and solve their problem",0,8.8.2,False
2025-11-11 02:33:56+00:00,App Store,3,Need improvement on Mutual funds.,Average NAV of accumulated/total NAV is missing . Please include it for mutual funds,0,5.8.7,False
2025-11-11 00:45:36+00:00,Google Play,4,,Excellent UI,0,8.8.2,True
2025-11-10 21:20:21+00:00,Google Play,4,,"I was trying to add money in my IND MONEY APP, this app showing $1 per 76.74 rupees, same time I was checked on Google, it showing $1 per 75.92 rupees.",0,8.8.2,True
2025-11-10 21:05:20+00:00,Google Play,5,,good,0,8.6.6,True
2025-11-10 20:50:08+00:00,Google Play,4,,good,0,8.6.2,True
2025-11-10 20:37:34+00:00,Google Play,5,,Good,0,8.8.2,True
2025-11-10 20:16:42+00:00,Google Play,5,,profitable hoga tab PTA chalega,0,8.8.2,True
2025-11-10 19:08:51+00:00,Google Play,4,,good,0,8.8.2,True
2025-11-10 16:48:59+00:00,Google Play,5,,love it.,0,8.8.2,True
2025-11-10 16:28:56+00:00,Google Play,5,,good,0,8.8.2,True
2025-11-10 15:08:48+00:00,App Store,1,App resolution not good while using iPad,Please correct the resolution issue in the iPad app,0,5.8.7,False
2025-11-10 14:53:46+00:00,Google Play,5,,good,0,8.8.2,True
2025-11-10 13:44:09+00:00,Google Play,5,,good,0,8.8.0,True
2025-11-10 12:46:42+00:00,Google Play,5,,good trend,0,,True
2025-11-10 12:45:48+00:00,Google Play,5,,nice trading,0,8.8.0,True
2025-11-10 11:52:00+00:00,Google Play,4,,best for financial,0,8.8.0,True
2025-11-10 11:11:21+00:00,Google Play,5,,nice one,0,8.8.2,True
2025-11-10 08:45:46+00:00,Google Play,5,,osm overall experience is üëç,0,8.8.2,True
2025-11-09 22:29:00+00:00,Google Play,5,,good üëç,0,8.8.2,True
2025-11-09 21:47:06+00:00,Google Play,5,,good app,0,8.8.2,True
2025-11-09 15:02:32+00:00,Google Play,5,,Excellent app,0,8.8.2,True
2025-11-09 13:00:37+00:00,Google Play,5,,Excellent feature of showing all investment at one place.,1,8.8.2,True
2025-11-09 10:22:32+00:00,Google Play,5,,nice pic,0,8.8.2,True
2025-11-09 08:58:34+00:00,Google Play,3,,"there is an issue in doing vkyc from the app, in relation to echoing audio, all the time i have initiate the vkyc and not successful, i have not experience any issue with vkyc that are done through chrome browser, i dont if the problem is with the phone or from the app",2,8.8.2,True
2025-11-08 22:45:24+00:00,Google Play,4,,Plez add trading view chart on us stock .stock screener for Indian and us stock. and dark more features.. on app and site.. other thing nice...,0,8.8.0,True
2025-11-08 20:01:16+00:00,Google Play,4,,yet to experiance,0,,True
2025-11-08 19:53:51+00:00,Google Play,3,,"Huge charges, exchange rates are higher plus bank charges you additional on exchange rates Average 2-5% are gone in charges only Hurdle to initiate investments",0,8.8.2,True
2025-11-08 17:40:14+00:00,Google Play,5,,great,0,8.8.2,True
2025-11-08 16:10:23+00:00,Google Play,5,,"good...., happy...",0,8.6.4,True
2025-11-08 13:10:12+00:00,Google Play,1,,there is not even a feature to place a limit order,0,8.7.6,True
2025-11-08 12:54:46+00:00,Google Play,4,,good üëç,0,8.6.6,True
2025-11-08 10:27:11+00:00,Google Play,1,,"worst ever experience with credit card bill payments, i made the payment and the app received the payment but it didn't submit it to my credit card instead it reverted my payment after one day when my due date was over, i was charged with penality just because the payment was failed by them. Will switch back to CRED now for making payments.",8,8.8.2,True
2025-11-08 10:00:20+00:00,Google Play,1,,The worst customer service. Raised multiple tickets about 20 Days ago and still no response. Zerodha is Coming up with US investing in next Quarter. Thank you for the awesome service.,0,8.8.0,True
2025-11-08 08:06:53+00:00,App Store,1,Pathetic customer support and poor UX,"The user flow, especially to add money to wallet to fund stock purchase is broken at multiple places. It is unintuitive to say the least. What makes it worse is the total lack of empathy and knowledge in the customer support team whose only metric is to close the ticket ASAP, with or without proper resolution.",0,5.8.7,False
2025-11-08 04:50:33+00:00,App Store,1,"Fraud App Don‚Äôt use this app, Your money not guaranteed",Cash back not guaranteed and money not guaranteed as per company policy Fake offers I was deleted everything in this app,0,5.8.7,False
2025-11-08 04:24:19+00:00,App Store,1,Iphone app is worst,"It is quite a bad experience using ind money on iphone, it is not able to verify device ask to switch off wifi and other archaic requirements but then also everytime it looks for mobile binding sms and then boom your device cannot be verified. Who is doing your testing? Fire those guys",0,5.8.7,False
2025-11-08 02:26:53+00:00,Google Play,2,,why did the monthly SIP dashboard was suddenly take down,0,8.8.2,True
2025-11-07 22:37:41+00:00,Google Play,5,,very good,0,8.8.2,True
2025-11-07 22:32:42+00:00,Google Play,4,,Nice app,0,8.8.2,True
2025-11-07 21:38:45+00:00,Google Play,1,,never book FD and never accept problem solution from customer support,0,8.8.2,True
2025-11-07 21:29:42+00:00,Google Play,5,,"NO MORE APP HAVE SUCH TYPE OF FUNCTIONS,AS A INDMONEY HAVE. I LIKE THIS APP AND LOVE THIS APP",0,8.6.6,True
2025-11-07 21:09:52+00:00,Google Play,5,,simple and easy,0,8.8.0,True
2025-11-07 18:51:26+00:00,Google Play,5,,"i have added my family member but there mutual fund not updating , I have redeem the fund but it's still showing , I can't refresh that",0,,True
2025-11-07 18:28:03+00:00,Google Play,5,,very nice app,0,8.8.0,True
2025-11-07 18:03:11+00:00,Google Play,3,,noise üò¶,0,8.8.2,True
2025-11-07 14:44:43+00:00,Google Play,5,,naice,0,8.8.2,True
2025-11-07 13:06:01+00:00,App Store,1,Worst Customer Services,"It‚Äôs been 8 days since I made a transaction, still the wallet is showing in progress. It‚Äôs very difficult to buy US stocks here due to long transaction time. The customer care executives are bad and lacks empathy, cuts the call in between. Very very disappointed, will never recommend IND money to any of my friends and relatives.",0,5.8.7,False
2025-11-07 11:53:28+00:00,Google Play,4,,good,0,8.8.2,True
2025-11-07 10:36:55+00:00,Google Play,5,,nice,0,8.8.0,True
2025-11-07 09:25:23+00:00,Google Play,5,,best platform for trading,0,8.8.0,True
2025-11-07 00:07:37+00:00,Google Play,1,,"This app Upi anymore not working and service is unavailable. This app upi customer team not working this problem.Use Groww app all featured available Stock, Mutual Fund, Bond, ETF, MTF,IPO, FD, UPI &Loan.",0,8.5.3,True
2025-11-06 22:26:44+00:00,Google Play,5,,"Superb application, All in one App. I am able to Save amount and invest wisely in suggested US stocks, pay utilities Bill on the go, Wonderful app for UPI payments as well. I have using it for most of my daily requirements, Thank you IND Money for wonderful experience üíóüíóüíóüíó",0,8.8.2,True
2025-11-06 21:21:56+00:00,Google Play,5,,good,0,8.8.2,True
2025-11-06 20:39:03+00:00,Google Play,5,,good to work with investment,0,8.8.0,True
2025-11-06 19:54:50+00:00,Google Play,4,,very good üòä,0,8.7.0,True
2025-11-06 19:42:03+00:00,Google Play,4,,"The new update has messed up the things , the old UI was better , now it has become hard to navigate the indmoney app",3,8.8.0,True
2025-11-06 17:49:32+00:00,Google Play,5,,Updating My review...Happy with your customer Concern,0,8.8.0,True
2025-11-06 17:28:47+00:00,Google Play,5,,good,0,8.8.0,True
2025-11-06 15:43:21+00:00,Google Play,1,,mera is app me account belence - mein Chala Gaya -170 ho gaya,0,8.7.6,True
2025-11-06 13:21:13+00:00,Google Play,5,,Good,0,8.8.0,True
2025-11-06 12:55:11+00:00,Google Play,4,,good,0,8.7.6,True
2025-11-06 10:57:23+00:00,Google Play,4,,üëç,0,8.8.0,True
2025-11-06 09:40:41+00:00,Google Play,5,,very good üëç,0,8.8.0,True
2025-11-06 09:29:07+00:00,Google Play,4,,üòÄ,0,8.7.6,True
2025-11-06 07:00:26+00:00,App Store,2,iPad app,Need a native iPad app supporting full resolution. Without it this app will look very awkward.,0,5.8.7,False
2025-11-06 06:33:38+00:00,App Store,1,Please don‚Äôt borrow money on this app,If you are planning to borrow money on this app please don‚Äôt. Their app is buggy. I foreclosed my loan amount and still got emi deducted. And I have been following up day and night for refund with only one response- lenders system is not updated yet. It‚Äôs been a week now. I have received all the confirmation message from lender itself that loan is foreclosed and these people are playing games like this! Please don‚Äôt make the same mistake I did. They call 100 times for emi reminder and spam you like crazy. Better option is CRED.,0,5.8.7,False
2025-11-06 02:30:05+00:00,Google Play,1,,download nahin ho raha hai,0,,True
2025-11-06 02:04:51+00:00,Google Play,4,,"Please add Trailing stoploss option for US stocks, I will rate 5 Star",0,,True
2025-11-06 01:54:07+00:00,App Store,2,"Improve your UX, and implement common sense before AI","The SIP UX is a headache, does not allow deleting, does not apply filter automatically, does not save my filters. SIPs for some reason are not able to use money from alpaca wallet, so I can optimise on gst. There are very few bugs but the app is almost unusable. Also, SIPs keep failing",0,5.8.7,False
2025-11-06 01:25:56+00:00,Google Play,5,,nice app for financial knowledge,0,8.8.0,True
2025-11-06 00:07:22+00:00,Google Play,5,,very good,0,,True
2025-11-05 20:23:59+00:00,Google Play,5,,superb,0,7.4.3,True
2025-11-05 19:02:08+00:00,Google Play,5,,BEST BROKER,0,,True
2025-11-05 17:50:51+00:00,App Store,3,Basic Functionality Missing,"App needs some basic functionalities added like: 1. US Stock Orders screen doesn‚Äôt have an option to click and see the real time stock movement of the stock you just bought. Since it takes 24h for it move from Orders tab to you Holdings tab, you pretty much stay in the dark about its performance especially after having bought a stock. 2. The debit of the wallet balance happens instantly but the credit after a stock is sold even notionally doesn‚Äôt reflect the balance until 24 hour limit. 3. The transaction screen is missing and right now the orders screen appears a bit of mess if you have traded a few stocks and both credit and debit becomes a mess to understand",0,5.8.7,False
2025-11-05 13:43:41+00:00,Google Play,5,,great ui and looks,0,8.8.0,True
2025-11-05 13:28:48+00:00,Google Play,5,,Please bring back the option to see the top gainer stocks in all of the market again. üôè Edit: Issue has now been resolved as their team member guided me on how to access it.,1,8.8.0,True
2025-11-05 13:15:38+00:00,Google Play,1,,I have blocked the account and deleted it forever. This app is very nonsense. The demat account so far is poor because it has more broker charges. There is no call in the helpline number.,0,,True
2025-11-05 11:53:15+00:00,Google Play,5,,good,0,,True
2025-11-05 11:39:05+00:00,Google Play,5,,love the app,0,8.8.0,True
2025-11-05 11:07:03+00:00,Google Play,5,,so cute ü•∞,0,8.8.0,True
2025-11-05 10:35:26+00:00,Google Play,5,,ok,0,8.8.0,True
2025-11-05 09:44:23+00:00,Google Play,5,,awsm,0,8.8.0,True
2025-11-05 09:11:22+00:00,Google Play,5,,good,0,8.7.0,True
2025-11-05 08:18:05+00:00,Google Play,5,,super,0,8.7.6,True
2025-11-05 07:49:16+00:00,Google Play,1,,"I have already registered, still I have to repeat the registration process again, when I open the later on üòï",0,8.8.0,True
2025-11-05 07:40:14+00:00,Google Play,5,,simple app,0,8.7.0,True
2025-11-05 00:13:57+00:00,Google Play,5,,nice,0,8.8.0,True
2025-11-04 20:55:06+00:00,Google Play,1,,Do you have a support mechanism. Your FAQs do not help sort the issues. you seem to trick your customers if you do not have answers to the queries.,3,8.8.0,True
2025-11-04 20:31:26+00:00,Google Play,5,,nice,0,8.8.0,True
2025-11-04 19:35:44+00:00,Google Play,5,,very happy on INDmoney!!,0,8.8.0,True
2025-11-04 17:16:07+00:00,Google Play,2,,NICE,0,8.8.0,True
2025-11-04 14:11:18+00:00,Google Play,1,,there are many charges,0,8.8.0,True
2025-11-04 12:32:52+00:00,App Store,5,Ultimate app But,Awesome app no doubt but plz add Receive QR code for UPI payment üôèüèª,0,5.8.7,False
2025-11-04 12:08:42+00:00,Google Play,5,,nice one,0,8.7.6,True
2025-11-04 11:52:38+00:00,Google Play,1,,thank for you I'm very happy,0,8.8.0,True
2025-11-04 11:44:53+00:00,Google Play,5,,ok,0,8.7.6,True
2025-11-04 11:23:55+00:00,Google Play,5,,good work n service,0,8.8.0,True
2025-11-04 11:13:41+00:00,Google Play,5,,circuit breaker,0,8.8.0,True
2025-11-04 10:25:42+00:00,Google Play,5,,"edited review after months ,now withdrawals became very fast ... Thankyouu!",0,8.8.0,True
2025-11-04 09:46:43+00:00,Google Play,5,,nice App,0,8.8.0,True
2025-11-04 09:24:15+00:00,Google Play,1,,froud app,0,,True
2025-11-04 04:31:38+00:00,Google Play,5,,very good ap,0,8.7.0,True
2025-11-04 03:50:02+00:00,Google Play,5,,XIRR not Showing in Apps which mutual fund recently added ( Current Year ). But Blended XIRR Shown.,0,8.8.0,True
2025-11-04 03:02:48+00:00,App Store,1,"Fix your app, it is keep on asking to register to view the live updates","Fix your app, it is keep on asking to register to view the live updates",0,5.8.6,False
2025-11-04 01:02:18+00:00,Google Play,5,,nice ...good to know more n more loved it nw...,0,8.8.0,True
2025-11-04 00:17:50+00:00,Google Play,3,,Need to track Lic policy ..when this feature will be added?,0,8.8.0,True
2025-11-03 23:54:35+00:00,Google Play,3,,"Please add APY, LIC tracking as soon as possible and in PPF tracking section, recurring deposit start date is fixed for today but it should be flexible for future dates too like end date. Fix these issues immediately, it will help tracking easier and effective.",0,,True
2025-11-03 23:28:15+00:00,Google Play,2,,"Pros: 1. Best user interface for options trading. 2. Us stocks buying feature. 3. Mind feature- king of the features. Cons: 1. Trading views chart missing in flash mode. 2. Option chain windows takes lot of space in web mode. Solution could be- auto hide or manual hide feature in web mode 3. Advanced option chain option should be provided such as dhan, upstox. For other greeks 4. Paper trading feature or bactesting feature missing. 5. App crash so frequent.",0,8.8.0,True
2025-11-03 22:31:17+00:00,Google Play,5,,The feature I like most in this IndMoney app is that it sync / fetch all Mutual funds.. I really liked it as I am able to manage my all MFs from here. Thanks!,0,8.8.0,True
2025-11-03 21:04:16+00:00,Google Play,5,,Us investment made easy. So far has not faced any blockers.,0,8.8.0,True
2025-11-03 20:20:20+00:00,Google Play,5,,App is good,0,8.8.0,True
2025-11-03 19:32:02+00:00,Google Play,5,,kindly include dark mode.,1,8.6.4,True
2025-11-03 18:58:24+00:00,Google Play,5,,easy to use,0,8.3.8,True
2025-11-03 17:53:45+00:00,Google Play,5,,excellent,0,8.8.0,True
2025-11-03 17:12:36+00:00,Google Play,4,,good,0,8.4.6,True
2025-11-03 16:58:56+00:00,Google Play,4,,I have just got a little dummy training for intraday. hope it's a good application.,0,8.8.0,True
2025-11-03 13:33:50+00:00,Google Play,5,,liked it..,0,8.6.4,True
2025-11-03 12:05:51+00:00,Google Play,5,,Goood,0,8.8.0,True
2025-11-03 11:01:03+00:00,Google Play,5,,great app. easy to use. better than zerodha,0,8.8.0,True
2025-11-03 10:20:25+00:00,Google Play,1,,Is this app really reliable. Are the charts accurate? No more a good app to invest.,0,8.8.0,True
2025-11-03 09:45:28+00:00,Google Play,1,,"It has been nearly a month i put withdrawl from us wallet still i didnt received my amount how many times should my complaint about this ""Due to operational constraints"" means you should rectify that and give the solution as soon as possible but yoh are using that as a reason and delaying day by day its not even a big amount too while investing you said withdrawl will take upto mazximum of 5-7 days now it has been 25 days still i didnt received money i dont even know you are seeing your cuatomer",0,8.7.6,True
2025-11-03 09:27:09+00:00,Google Play,5,,nice experience,0,8.7.6,True
2025-11-03 09:00:08+00:00,Google Play,4,,good üíØ,0,8.8.0,True
2025-11-03 07:55:16+00:00,Google Play,5,,very useful App,0,8.8.0,True
2025-11-03 00:19:39+00:00,Google Play,4,,good,0,8.7.6,True
2025-11-02 23:46:11+00:00,Google Play,2,,Us stock adding money conversion charges are very high compared to Real exchange rate. Add option to add via UPI or Forex Cards or Credit cards people have Many cards that are zero forex charges.,2,8.8.0,True
2025-11-02 23:12:03+00:00,Google Play,5,,good,0,8.8.0,True
2025-11-02 23:10:40+00:00,Google Play,4,,"few steps are deep inside, and are sometimes difficult to find.",0,8.6.6,True
2025-11-02 22:17:01+00:00,Google Play,5,,good experience,0,8.8.0,True
2025-11-02 21:58:52+00:00,Google Play,5,,good,0,8.8.0,True
2025-11-02 21:48:54+00:00,Google Play,3,,There is a need of improvement in various sections of the app which will make the app even better :- 1) Quick easy tax filing with consultation 2) US and Indian stock custom bucket portfolio creation option(similar to smallcase) 3) Just like Mutual funds ( What if I redeem today) it should also be available for Indian Stocks 4) Digital gold investment,8,8.8.0,True
2025-11-02 21:13:01+00:00,Google Play,1,,I have been waiting for the activation of my account and trying to get in touch with an agent. It is showing that the agent is supposed call me in 2 mins which turns out to be 15 mins after a minute. but I don't get any communication regarding the same. I have sent numerous emails but nothing has been communicated.,6,8.6.6,True
2025-11-02 19:31:33+00:00,Google Play,5,,"It has wide range of features, simple to use. It provides smart financial planning tools and provides you the opportunity to invest in the US market alongside the Indian stock market.",0,8.6.2,True
2025-11-02 16:55:51+00:00,Google Play,5,,good,0,8.8.0,True
2025-11-02 16:36:09+00:00,App Store,2,The app UI is very complicated,The app UI is very complicated specially in stock section. It is very difficult to find stock SIP sections. Watchlist and others. If the UI of the stock and MF section got simplified i will give 5 star.,0,5.8.6,False
2025-11-02 16:20:47+00:00,Google Play,5,,ashish Kashyap the best ceo,0,,True
2025-11-02 12:24:45+00:00,App Store,3,Great App with Room for Improvement in Tracking,"NPS tracking could be improved ‚Äî it would be great if tracking was available through the CDSL statement instead of email statements. EPF tracking also needs some refinement, and EPS should ideally be excluded. Other than that, the app‚Äôs features are awesome!",0,5.8.6,False
2025-11-02 11:52:21+00:00,Google Play,1,,my account is suddenly blocked or frozen my account balance not use or complaint karne ke bad bhi koi response nhi mila very bad service,0,8.4.6,True
2025-11-02 11:45:45+00:00,Google Play,5,,good,0,8.6.6,True
2025-11-02 10:03:57+00:00,Google Play,5,,superb app,0,8.7.6,True
2025-11-02 08:24:50+00:00,Google Play,5,,Take lessons... learn more abt market,0,8.6.4,True
2025-11-02 06:14:11+00:00,Google Play,5,,super,0,,True
2025-11-02 01:35:59+00:00,Google Play,5,,"Great UI. Much, much better than Groww and Vested. Very intuitive and user-friendly.",1,8.7.6,True
2025-11-01 22:32:19+00:00,Google Play,5,,good advice and achieve goals,0,8.8.0,True
2025-11-01 22:22:05+00:00,Google Play,5,,good,0,8.7.6,True
2025-11-01 20:22:28+00:00,Google Play,5,,good,0,8.5.0,True
2025-11-01 18:58:26+00:00,Google Play,5,,good,0,8.5.6,True
2025-11-01 14:26:31+00:00,Google Play,1,,"very bad app es app mai wallet nahi diya hai bar bar paise dalana nikana... bad aur US Stock k liye candle chart diya hi nahi hai.... very bad app, wallet nahi hai, Us stock candle chart nahi hai",0,8.7.6,True
2025-11-01 13:16:47+00:00,Google Play,5,,good,0,8.7.0,True
2025-11-01 11:27:46+00:00,Google Play,5,,nice application and smooth working.,0,8.7.6,True
2025-11-01 11:01:35+00:00,Google Play,4,,i can not track my DCB Bank account bank balance. Kindly add DCB Bank in the list.,0,8.7.0,True
2025-11-01 00:17:59+00:00,Google Play,4,,satisfied with the aap,0,8.7.6,True
2025-10-31 23:27:16+00:00,Google Play,5,,this app is very good.,0,,True
2025-10-31 22:02:38+00:00,Google Play,5,,Unbelievably great app to track your complete portfolio.,1,8.7.6,True
2025-10-31 21:53:31+00:00,Google Play,5,,overall everything is good.please update one more feature in this app that our under performing funds which we have to close and exit and the rest money of that fund we can invest somewhere else...,0,8.8.0,True
2025-10-31 20:16:15+00:00,Google Play,3,,"earlier used to show xirr on US stocks portfolio, now why you have stopped?",0,,True
2025-10-31 18:35:07+00:00,Google Play,1,,"why there only federal bank or hdfc or axis. THT SHOULD BE ANY BANK.not a good app, i want to close my account",0,8.5.3,True
2025-10-31 17:57:44+00:00,Google Play,5,,good,0,8.7.0,True
2025-10-31 17:30:29+00:00,Google Play,1,,"Forcefully liquidated my ETFs. As per IFSCA circular it only restricts providers from offering these products like Bitcoin ETFs, but does not mention a requirement for existing holders to sell or liquidate their assets if already bought before the circular was shared. INDMoney forcefully sold without my confirmation. This is a breach in customer service.",0,8.7.6,True
2025-10-31 16:50:41+00:00,Google Play,5,,nice üëç,0,8.7.6,True
2025-10-31 16:50:02+00:00,Google Play,4,,nice aap,0,,True
2025-10-31 16:47:50+00:00,Google Play,5,,excellent,0,,True
2025-10-31 16:14:28+00:00,Google Play,5,,good app,0,8.7.6,True
2025-10-31 15:59:42+00:00,App Store,1,App become too complex,App become too complex . I‚Äôm developer myself it super painful for me to use app not sure about non dev people. can plz plan about lite version of app for example binance.,0,5.8.5,False
2025-10-31 14:44:34+00:00,Google Play,5,,super,0,8.6.6,True
2025-10-31 13:55:02+00:00,Google Play,5,,great profit easyly,0,8.7.6,True
2025-10-31 13:44:57+00:00,Google Play,5,,good app,0,8.7.6,True
2025-10-31 13:36:13+00:00,Google Play,5,,"super app, nice to use",0,8.7.6,True
2025-10-31 12:50:31+00:00,Google Play,2,,indicator settings get deleted automatically..all charts indicator gets reset.. and out of nowhere it shows random saved preset which I didn't save or applied.,0,8.7.6,True
2025-10-31 10:51:27+00:00,Google Play,3,,"Man I have a complaint I try to order something from Flipkart and I did sent my upi id to flipkart to make payment but in my indmoney app there are no notification about sending money I can't order any thing from it help , it's not like my money is debit",0,,True
2025-10-31 09:48:50+00:00,Google Play,4,,good,0,8.7.0,True
2025-10-31 09:26:14+00:00,Google Play,1,,The app and interface is pretty good. I used to use et money earlier but now I feel it has become cluttered. The only issue for me is that im not able to edit my SIP since one month. It's always showing coming soon. As a result im compelled to move to et money again. Hope you fix it. Till then 1 star.,0,,True
2025-10-31 09:15:56+00:00,Google Play,5,,good,0,8.7.6,True
2025-10-31 07:30:32+00:00,Google Play,1,,"Such an invasive app. Keeps trying to read your emails, credit cards and everything else...for an app marketed for stocks and mutual funds. Interface is designed in such a way that it is very difficult to deny it these permissions. It keeps asking for it, and in different ways making it so difficult. Despite being so careful during set up (including unchecking boxes), it still got access to my gmail and got access to my credit card information. I had to go back and manually remove everything.",12,8.7.6,True
2025-10-31 01:01:53+00:00,Google Play,1,,How to invest in small case via ind money...,0,8.7.6,True
2025-10-31 00:10:44+00:00,App Store,5,Stock market,Good app to use for any type of investment related,0,5.8.5,False
2025-10-30 23:24:48+00:00,Google Play,5,,Good,0,8.6.6,True
2025-10-30 22:22:57+00:00,Google Play,1,,apps is not supporting in my device moto 4 e plus please respond me,0,8.7.6,True
2025-10-30 19:12:36+00:00,Google Play,5,,the app is not showing my liabilities like before after the updates,0,8.7.6,True
2025-10-30 18:42:48+00:00,Google Play,5,,amezing üòç Best Super Se Upar,0,,True
2025-10-30 18:06:13+00:00,Google Play,1,,please fix upi glitc and every thing is good..but please fix upi payment glitch,0,,True
2025-10-30 18:04:19+00:00,Google Play,5,,good,0,8.7.0,True
2025-10-30 17:42:19+00:00,Google Play,5,,I really in search of loan but every app denied it. but InD money given me and fullfill my need at very very ROI. I will personally recomend this app.it complete my application in 10 minute and disburse amount in acct.,0,,True
2025-10-30 17:35:25+00:00,Google Play,5,,good,0,8.7.0,True
2025-10-30 16:51:03+00:00,Google Play,4,,nice,0,8.6.6,True
2025-10-30 16:38:52+00:00,Google Play,5,,"nice application because it's option for all in one and investment in FD, Insurance and Indian stocks market as well as US stock market . It's good for ipos.",0,8.7.0,True
2025-10-30 16:29:44+00:00,Google Play,5,,excellent app for investment and tracking,0,8.7.6,True
2025-10-30 15:54:04+00:00,Google Play,5,,very nice ü•∞ü•∞ü•∞,0,,True
2025-10-30 15:12:54+00:00,Google Play,5,,IND money app is good üòä,0,8.6.6,True
2025-10-30 13:49:41+00:00,Google Play,5,,gud Ever things,0,8.7.6,True
2025-10-30 13:03:04+00:00,App Store,5,Add support for standard chartered bank account,Please add support for linking standard charter bank account,0,5.8.5,False
2025-10-30 12:53:32+00:00,Google Play,5,,office boy ok,0,8.7.6,True
2025-10-30 12:23:38+00:00,Google Play,5,,very nice,0,8.7.0,True
2025-10-30 12:17:01+00:00,Google Play,5,,it's really a great app!,0,8.7.0,True
2025-10-30 12:13:51+00:00,Google Play,4,,thank indmoney.,0,,True
2025-10-30 11:13:07+00:00,Google Play,1,,WhatsApp can't withdraw balance only forces you to open federal bank account,0,8.7.6,True
2025-10-30 11:02:20+00:00,Google Play,1,,"worst trading app , do not do trading in this app, its withdrawal system is way pathetic, its a scam which they do with traders",0,8.7.6,True
2025-10-30 10:07:41+00:00,App Store,5,Best,Value,0,5.8.5,False
2025-10-30 10:03:28+00:00,Google Play,1,,no transparency in charges lost ‚Çπ300 only in charges,0,,True
2025-10-30 08:53:10+00:00,Google Play,5,,v good,0,8.6.6,True
2025-10-30 08:18:43+00:00,Google Play,5,,Very Responsive App and Beautifully Designed to make investments simple for everyone,0,8.7.6,True
2025-10-30 05:39:28+00:00,Google Play,4,,I love INDmoney.ü•∞,0,8.7.0,True
2025-10-30 01:19:04+00:00,Google Play,5,,awesome üëå UI MUCH BETTER LOOK COMPARING TO ZERODHA,0,8.7.0,True
2025-10-30 00:48:43+00:00,Google Play,5,,"App is good, please add liability edit option to add more liability like rent, monthly expenses and other borrowed money.",0,8.7.6,True
2025-10-29 23:43:11+00:00,Google Play,2,,"NEW ISSUE: (AUG-2025) why bank transaction time showing as AEDT, insteed of IST ? For UPI scan also its asking for password after that also i shows some error we have to force close to scan again. Wow more details in Analysis now, please add seperate card for tax saving funds. Please reinstate it or adopt Groww‚Äôs approach. Also, EPFO tracking needs improvement‚Äîmany users at HCL, TCS, Infosys, etc., use private PF trusts. Else, Add manual entry like Artos. Add support to Wifi android tablets.",4,8.7.0,True
2025-10-29 23:22:31+00:00,Google Play,5,,super,0,8.6.4,True
2025-10-29 22:32:30+00:00,Google Play,4,,Using it since 4-5 years. Mostly I use it for US investments and it is easy and convenient. US deposits are also very fast. Few things would like to have in the app is to show the graphical (yearly/monthly etc.) growth of my US portfolio. Also I remember I used to see XIRR of my US portfolio but now can't see it anymore.,62,8.7.6,True
2025-10-29 22:13:07+00:00,Google Play,5,,Ease of operations and investment friendly features whether it is domestic or US,0,8.7.6,True
2025-10-29 21:59:10+00:00,Google Play,5,,very nice Appalachian üëå,0,8.7.6,True
2025-10-29 20:42:08+00:00,Google Play,4,,nice,0,8.6.6,True
2025-10-29 20:26:17+00:00,Google Play,5,,all in one destination.,0,8.7.0,True
2025-10-29 20:19:21+00:00,Google Play,1,,"poor size of FONT in market depth and Other details, it's like pain to my eyes... Shameful",0,8.7.6,True
2025-10-29 20:09:43+00:00,Google Play,5,,2 lakh loss,0,,True
2025-10-29 19:27:42+00:00,Google Play,5,,good,0,8.6.4,True
2025-10-29 17:17:16+00:00,Google Play,4,,it gives opportunity to learn more and invest more - it updates us to analyse the market more effectively so I find this app very useful for different investments purpose- thankyou indmoney,0,8.7.0,True
2025-10-29 16:09:25+00:00,Google Play,5,,thank you ind money üí∞,0,8.3.3,True
2025-10-29 15:46:16+00:00,Google Play,5,,best for newcomers,0,,True
2025-10-29 15:20:57+00:00,Google Play,5,,job technology,0,,True
2025-10-29 14:11:53+00:00,Google Play,5,,good,0,8.7.0,True
2025-10-29 13:23:24+00:00,Google Play,5,,good,0,8.7.6,True
2025-10-29 11:42:35+00:00,Google Play,1,,Is it fair to receive deposit at Rs 89.68 per dollor and allow withdrawal at 87? which means you steal 3000 Rs per 1 lac withdrawl. üò°,2,8.7.6,True
2025-10-29 11:41:39+00:00,App Store,5,One place for all your investments,"One of the best apps for investing in US stocks, see your total net-worth under one roof",0,5.8.5,False
2025-10-29 10:27:44+00:00,Google Play,4,,"no option to track, NPS with mail id other then gmail. NPS linked mail id is with Outlook so can't track NPS.",0,8.7.6,True
2025-10-29 09:25:53+00:00,Google Play,1,,today update is very poor update,0,8.7.0,True
2025-10-29 09:03:24+00:00,Google Play,5,,Superb üëå,0,,True
2025-10-29 07:41:00+00:00,Google Play,5,,Best app in the market üëçüèªüëçüèªüëçüèªüôåüèªüôåüèªüôåüèª,0,8.7.6,True
2025-10-29 07:35:23+00:00,Google Play,5,,good,0,8.7.6,True
2025-10-29 06:43:05+00:00,Google Play,5,,‡∞ó‡±Å‡∞°‡±ç,0,8.6.4,True
2025-10-29 00:07:33+00:00,Google Play,4,,I think this app has come very far since it started. It has a lot of things to add but I feel it's a complete app,2,8.7.0,True
2025-10-28 23:09:39+00:00,Google Play,5,,okay thanks,0,8.7.0,True
2025-10-28 21:41:47+00:00,Google Play,5,,Good and smooth user interface,0,8.7.0,True
2025-10-28 21:16:24+00:00,Google Play,5,,very good,0,8.7.0,True
2025-10-27 06:46:07+00:00,App Store,5,All in one,One of the best UI for all segments,0,5.8.3,False
2025-10-23 04:36:52+00:00,App Store,5,Awesome app for all my financial assets and liabilities,I loved the way this app shows all my assets and liabilities in a very structured way. My loans have suddenly stopped being tracked from last 2 month. Is that featured removed from app? Can someone help me track them back ?,0,5.8.2,False
2025-10-21 18:37:52+00:00,App Store,1,not able to add money,"tried to add money multiple times during muhurat trading today and everytime it failed, had to opt for other app",0,5.8.2,False
2025-10-21 10:43:10+00:00,App Store,1,App crashes constantly on launch,"I just installed app on new device and its crashes constantly on launch sometimes plus when I click on usa stocks, seamless you dont have firebase crashlytics alerts integration",0,5.8.2,False
